<?xml version="1.0" encoding="UTF-8"?>
<clientConfig version="1.1">
    <emailProvider id="mentorra.xyz">
        <domain>mentorra.xyz</domain>
        <displayName>contact</displayName>
        <displayShortName>contact</displayShortName>

        <incomingServer type="imap">
            <hostname>mail.mentorra.xyz</hostname>
            <port>993</port>
            <socketType>SSL</socketType>
            <authentication>password-cleartext</authentication>
            <username>%EMAILADDRESS%</username>
        </incomingServer>

        <outgoingServer type="smtp">
            <hostname>mail.mentorra.xyz</hostname>
            <port>465</port>
            <socketType>SSL</socketType>
            <authentication>password-cleartext</authentication>
            <username>%EMAILADDRESS%</username>
        </outgoingServer>
    </emailProvider>
</clientConfig>
